county;row;col;rep;block;yield;gen
C1;row01;col01;R1;B2;170,473;G42
C1;row01;col02;R1;B2;130,424;G58
C1;row01;col03;R1;B2;128,833;G26
C1;row01;col04;R1;B2;130,615;G10
C1;row01;col05;R1;B2;132,085;G34
C1;row01;col06;R1;B2;127,071;G50
C1;row01;col07;R1;B2;154,63;G02
C1;row01;col08;R1;B2;130,367;G18
C1;row01;col09;R1;B5;162,885;G45
C1;row01;col10;R1;B5;153,222;G61
C1;row01;col11;R1;B5;139,892;G29
C1;row02;col01;R1;B3;151,42;G51
C1;row02;col02;R1;B3;143,175;G35
C1;row02;col03;R1;B3;118,644;G11
C1;row02;col04;R1;B3;139,329;G27
C1;row02;col05;R1;B3;120,852;G59
C1;row02;col06;R1;B3;115,828;G43
C1;row02;col07;R1;B5;124,743;G21
C1;row02;col08;R1;B5;169,062;G05
C1;row02;col09;R1;B5;163,077;G53
C1;row02;col10;R1;B5;135,95;G37
C1;row02;col11;R1;B5;157,524;G13
C1;row03;col01;R1;B3;114,518;G03
C1;row03;col02;R1;B3;130,769;G19
C1;row03;col03;R1;B6;144,485;G46
C1;row03;col04;R1;B6;134,499;G62
C1;row03;col05;R1;B6;149,769;G30
C1;row03;col06;R1;B6;135,031;G14
C1;row03;col07;R1;B6;152,787;G38
C1;row03;col08;R1;B6;155,388;G54
C1;row03;col09;R1;B6;128,254;G06
C1;row03;col10;R1;B6;160,53;G22
C1;row03;col11;R1;B1;151,212;G41
C1;row04;col01;R1;B8;133,48;G16
C1;row04;col02;R1;B8;142,337;G32
C1;row04;col03;R1;B8;123,864;G64
C1;row04;col04;R1;B8;144,142;G48
C1;row04;col05;R1;B1;116,224;G17
C1;row04;col06;R1;B1;101,065;G01
C1;row04;col07;R1;B1;105,018;G49
C1;row04;col08;R1;B1;141,151;G33
C1;row04;col09;R1;B1;135,031;G09
C1;row04;col10;R1;B1;140,429;G25
C1;row04;col11;R1;B1;120,514;G57
C1;row05;col01;R1;B8;133,679;G40
C1;row05;col02;R1;B8;114,021;G56
C1;row05;col03;R1;B8;138,736;G08
C1;row05;col04;R1;B8;140,139;G24
C1;row05;col05;R1;B4;117,722;G44
C1;row05;col06;R1;B4;87,917;G60
C1;row05;col07;R1;B4;119,924;G28
C1;row05;col08;R1;B4;136,462;G12
C1;row05;col09;R1;B4;138,547;G36
C1;row05;col10;R1;B4;158,722;G52
C1;row05;col11;R1;B4;153,018;G04
C1;row06;col01;R2;B7;145,193;G07
C1;row06;col02;R2;B7;133,367;G52
C1;row06;col03;R1;B7;132,105;G23
C1;row06;col04;R1;B7;149,882;G07
C1;row06;col05;R1;B7;169,696;G55
C1;row06;col06;R1;B7;151,953;G39
C1;row06;col07;R1;B7;140,833;G15
C1;row06;col08;R1;B7;123,266;G31
C1;row06;col09;R1;B7;150,888;G63
C1;row06;col10;R1;B7;148,547;G47
C1;row06;col11;R1;B4;167,343;G20
C1;row07;col01;R2;B7;135,28;G26
C1;row07;col02;R2;B7;134,341;G19
C1;row07;col03;R2;B7;140,166;G61
C1;row07;col04;R2;B7;130,615;G33
C1;row07;col05;R2;B7;139,188;G14
C1;row07;col06;R2;B7;161,191;G48
C1;row07;col07;R2;B2;112,854;G31
C1;row07;col08;R2;B2;143,297;G60
C1;row07;col09;R2;B2;152,819;G53
C1;row07;col10;R2;B2;163,438;G46
C1;row07;col11;R2;B2;145,534;G02
C1;row08;col01;R2;B6;147,209;G15
C1;row08;col02;R2;B6;144,009;G42
C1;row08;col03;R2;B6;149,401;G20
C1;row08;col04;R2;B6;152,13;G51
C1;row08;col05;R2;B6;127,594;G37
C1;row08;col06;R2;B6;119,858;G06
C1;row08;col07;R2;B6;155,367;G32
C1;row08;col08;R2;B6;125,689;G57
C1;row08;col09;R2;B2;173,112;G17
C1;row08;col10;R2;B2;156,101;G35
C1;row08;col11;R2;B2;147,408;G16
C1;row09;col01;R2;B3;133,406;G34
C1;row09;col02;R2;B3;144,185;G45
C1;row09;col03;R2;B3;126,331;G12
C1;row09;col04;R2;B3;137,843;G64
C1;row09;col05;R2;B3;146,556;G23
C1;row09;col06;R2;B3;152,663;G54
C1;row09;col07;R2;B3;155,238;G25
C1;row09;col08;R2;B3;138,355;G03
C1;row09;col09;R2;B5;159,834;G43
C1;row09;col10;R2;B5;178,107;G38
C1;row09;col11;R2;B5;144,185;G24
C1;row10;col01;R2;B8;160,296;G47
C1;row10;col02;R2;B8;157,056;G30
C1;row10;col03;R2;B8;118,612;G10
C1;row10;col04;R2;B8;150,785;G59
C1;row10;col05;R2;B8;165,382;G49
C1;row10;col06;R2;B8;158,302;G08
C1;row10;col07;R2;B5;137,556;G50
C1;row10;col08;R2;B5;172,414;G63
C1;row10;col09;R2;B5;170,8;G05
C1;row10;col10;R2;B5;183,872;G09
C1;row10;col11;R2;B5;154,305;G28
C1;row11;col01;R2;B8;156,317;G21
C1;row11;col02;R2;B8;133,125;G36
C1;row11;col03;R2;B4;143,811;G22
C1;row11;col04;R2;B4;132,923;G11
C1;row11;col05;R2;B4;160,379;G41
C1;row11;col06;R2;B4;162,575;G55
C1;row11;col07;R2;B4;176,243;G40
C1;row11;col08;R2;B4;166,789;G58
C1;row11;col09;R2;B4;157,06;G04
C1;row11;col10;R2;B4;161,088;G29
C1;row11;col11;R2;B1;159,923;G13
C1;row12;col01;R3;B4;168,124;G04
C1;row12;col02;R3;B4;136,917;G47
C1;row12;col03;R3;B4;160,809;G17
C1;row12;col04;R3;B4;174,239;G13
C1;row12;col05;R2;B1;159,923;G62
C1;row12;col06;R2;B1;163,159;G56
C1;row12;col07;R2;B1;152,485;G27
C1;row12;col08;R2;B1;167,757;G44
C1;row12;col09;R2;B1;157,662;G01
C1;row12;col10;R2;B1;160,129;G39
C1;row12;col11;R2;B1;162,763;G18
C1;row13;col01;R3;B4;159,923;G51
C1;row13;col02;R3;B4;165,067;G38
C1;row13;col03;R3;B4;157,974;G26
C1;row13;col04;R3;B4;149,967;G64
C1;row13;col05;R3;B7;163,411;G35
C1;row13;col06;R3;B7;159,323;G44
C1;row13;col07;R3;B7;160,821;G24
C1;row13;col08;R3;B7;147,574;G57
C1;row13;col09;R3;B7;148,09;G29
C1;row13;col10;R3;B7;167,964;G10
C1;row13;col11;R3;B7;161,765;G54
C1;row14;col01;R3;B8;148,937;G14
C1;row14;col02;R3;B8;142,32;G23
C1;row14;col03;R3;B2;160,159;G22
C1;row14;col04;R3;B2;144,354;G15
C1;row14;col05;R3;B2;165,241;G56
C1;row14;col06;R3;B2;150,888;G33
C1;row14;col07;R3;B2;160,189;G45
C1;row14;col08;R3;B2;168,095;G02
C1;row14;col09;R3;B2;147,059;G59
C1;row14;col10;R3;B2;156,101;G28
C1;row14;col11;R3;B7;148,407;G07
C1;row15;col01;R3;B8;153,195;G37
C1;row15;col02;R3;B8;139,756;G50
C1;row15;col03;R3;B8;168,046;G08
C1;row15;col04;R3;B8;155,822;G41
C1;row15;col05;R3;B8;173,4;G60
C1;row15;col06;R3;B8;161,199;G27
C1;row15;col07;R3;B1;159,78;G48
C1;row15;col08;R3;B1;151,8;G34
C1;row15;col09;R3;B1;156,225;G11
C1;row15;col10;R3;B1;166,252;G30
C1;row15;col11;R3;B1;143,849;G63
C1;row16;col01;R3;B3;160,716;G09
C1;row16;col02;R3;B3;155,778;G21
C1;row16;col03;R3;B3;138,575;G03
C1;row16;col04;R3;B3;180,401;G46
C1;row16;col05;R3;B3;165,359;G39
C1;row16;col06;R3;B3;177,899;G52
C1;row16;col07;R3;B3;171,094;G32
C1;row16;col08;R3;B3;172,921;G58
C1;row16;col09;R3;B1;199,763;G53
C1;row16;col10;R3;B1;174,707;G01
C1;row16;col11;R3;B1;152,308;G20
C1;row17;col01;R3;B5;172,336;G49
C1;row17;col02;R3;B5;165,359;G05
C1;row17;col03;R3;B5;153,55;G62
C1;row17;col04;R3;B5;188,329;G19
C1;row17;col05;R3;B5;147,382;G12
C1;row17;col06;R3;B5;120,095;G31
C1;row17;col07;R3;B5;172,204;G40
C1;row17;col08;R3;B5;184,239;G42
C1;row17;col09;R3;B6;139,832;G06
C1;row17;col10;R3;B6;164,521;G55
C1;row17;col11;R3;B6;157,608;G25
C1;row18;col01;R3;B6;152,84;G36
C1;row18;col02;R3;B6;137,556;G43
C1;row18;col03;R3;B6;167,205;G61
C1;row18;col04;R3;B6;148,74;G18
C1;row18;col05;R3;B6;162,083;G16
C2;row01;col01;R1;B6;69,992;G30
C2;row01;col02;R1;B6;74,381;G06
C2;row01;col03;R1;B6;85,796;G62
C2;row01;col04;R1;B6;83,634;G46
C2;row01;col05;R1;B6;110,606;G54
C2;row01;col06;R1;B6;124,112;G38
C2;row01;col07;R1;B6;125,296;G22
C2;row01;col08;R1;B6;100,738;G14
C2;row01;col09;R1;B2;80,189;G26
C2;row01;col10;R1;B2;116,606;G02
C2;row01;col11;R1;B2;45,075;G58
C2;row02;col01;R1;B7;60,568;G39
C2;row02;col02;R1;B7;44,026;G55
C2;row02;col03;R1;B7;55,536;G47
C2;row02;col04;R1;B7;27,337;G63
C2;row02;col05;R1;B7;53,373;G07
C2;row02;col06;R1;B7;38,09;G31
C2;row02;col07;R1;B2;43,792;G10
C2;row02;col08;R1;B2;52,562;G18
C2;row02;col09;R1;B2;40,903;G34
C2;row02;col10;R1;B2;31,11;G50
C2;row02;col11;R1;B2;51,744;G42
C2;row03;col01;R1;B7;76,18;G23
C2;row03;col02;R1;B7;69,669;G15
C2;row03;col03;R1;B4;52,062;G28
C2;row03;col04;R1;B4;32,269;G04
C2;row03;col05;R1;B4;33,857;G60
C2;row03;col06;R1;B4;37,73;G44
C2;row03;col07;R1;B4;52,498;G52
C2;row03;col08;R1;B4;52,062;G36
C2;row03;col09;R1;B4;47,612;G20
C2;row03;col10;R1;B4;43,688;G12
C2;row03;col11;R1;B3;42,389;G27
C2;row04;col01;R1;B5;91,5;G45
C2;row04;col02;R1;B5;94,901;G61
C2;row04;col03;R1;B5;64,462;G05
C2;row04;col04;R1;B5;39,874;G29
C2;row04;col05;R1;B3;34,704;G11
C2;row04;col06;R1;B3;32,423;G19
C2;row04;col07;R1;B3;50,759;G35
C2;row04;col08;R1;B3;43,375;G51
C2;row04;col09;R1;B3;40,615;G43
C2;row04;col10;R1;B3;38,752;G59
C2;row04;col11;R1;B3;47,163;G03
C2;row05;col01;R1;B5;68,918;G53
C2;row05;col02;R1;B5;49,882;G37
C2;row05;col03;R1;B5;54,703;G21
C2;row05;col04;R1;B5;58,431;G13
C2;row05;col05;R1;B1;57,607;G25
C2;row05;col06;R1;B1;50,082;G01
C2;row05;col07;R1;B1;33,46;G57
C2;row05;col08;R1;B1;30,978;G41
C2;row05;col09;R1;B1;37,633;G49
C2;row05;col10;R1;B1;44,184;G33
C2;row05;col11;R1;B1;49,533;G17
C2;row06;col01;R2;B1;61,282;G56
C2;row06;col02;R2;B1;66,547;G18
C2;row06;col03;R1;B8;64,454;G16
C2;row06;col04;R1;B8;51,2;G24
C2;row06;col05;R1;B8;51,385;G40
C2;row06;col06;R1;B8;41,602;G56
C2;row06;col07;R1;B8;41,219;G48
C2;row06;col08;R1;B8;49,5;G64
C2;row06;col09;R1;B8;61,361;G08
C2;row06;col10;R1;B8;58,796;G32
C2;row06;col11;R1;B1;59,07;G09
C2;row07;col01;R2;B1;81,426;G01
C2;row07;col02;R2;B1;78,964;G27
C2;row07;col03;R2;B1;46,83;G44
C2;row07;col04;R2;B1;65;G62
C2;row07;col05;R2;B1;39,763;G39
C2;row07;col06;R2;B1;41,947;G13
C2;row07;col07;R2;B5;84,296;G38
C2;row07;col08;R2;B5;46,488;G63
C2;row07;col09;R2;B5;46,555;G28
C2;row07;col10;R2;B5;50,022;G05
C2;row07;col11;R2;B5;63,018;G09
C2;row08;col01;R2;B4;41,388;G22
C2;row08;col02;R2;B4;38,585;G41
C2;row08;col03;R2;B4;35,031;G29
C2;row08;col04;R2;B4;48,27;G40
C2;row08;col05;R2;B4;43,254;G58
C2;row08;col06;R2;B4;63,202;G55
C2;row08;col07;R2;B4;66,286;G04
C2;row08;col08;R2;B4;52,561;G11
C2;row08;col09;R2;B5;43,86;G43
C2;row08;col10;R2;B5;42,399;G24
C2;row08;col11;R2;B5;73;G50
C2;row09;col01;R2;B7;69,586;G07
C2;row09;col02;R2;B7;32,692;G14
C2;row09;col03;R2;B7;39,763;G19
C2;row09;col04;R2;B7;45,73;G33
C2;row09;col05;R2;B7;60,408;G61
C2;row09;col06;R2;B7;56,626;G48
C2;row09;col07;R2;B7;31,073;G26
C2;row09;col08;R2;B7;60,973;G52
C2;row09;col09;R2;B8;58,569;G49
C2;row09;col10;R2;B8;44,312;G21
C2;row09;col11;R2;B8;61,073;G10
C2;row10;col01;R2;B2;70,748;G17
C2;row10;col02;R2;B2;38,585;G02
C2;row10;col03;R2;B2;47,388;G16
C2;row10;col04;R2;B2;45,498;G46
C2;row10;col05;R2;B2;52,059;G35
C2;row10;col06;R2;B2;24,413;G60
C2;row10;col07;R2;B8;54,564;G08
C2;row10;col08;R2;B8;48,652;G59
C2;row10;col09;R2;B8;59,359;G36
C2;row10;col10;R2;B8;50,951;G30
C2;row10;col11;R2;B8;40,331;G47
C2;row11;col01;R2;B2;43,375;G53
C2;row11;col02;R2;B2;39,407;G31
C2;row11;col03;R2;B6;62,899;G32
C2;row11;col04;R2;B6;25,354;G42
C2;row11;col05;R2;B6;31,425;G37
C2;row11;col06;R2;B6;33,678;G20
C2;row11;col07;R2;B6;71,642;G51
C2;row11;col08;R2;B6;49,763;G15
C2;row11;col09;R2;B6;69,926;G06
C2;row11;col10;R2;B6;50,679;G57
C2;row11;col11;R2;B3;29,275;G45
C2;row12;col01;R3;B7;50,237;G44
C2;row12;col02;R3;B7;45,285;G35
C2;row12;col03;R3;B7;45,662;G57
C2;row12;col04;R3;B7;42,847;G10
C2;row12;col05;R2;B3;45,673;G34
C2;row12;col06;R2;B3;40,806;G12
C2;row12;col07;R2;B3;48,114;G03
C2;row12;col08;R2;B3;50,517;G23
C2;row12;col09;R2;B3;78,686;G54
C2;row12;col10;R2;B3;73,326;G64
C2;row12;col11;R2;B3;31,844;G25
C2;row13;col01;R3;B7;51,121;G07
C2;row13;col02;R3;B7;30,568;G29
C2;row13;col03;R3;B7;52,561;G24
C2;row13;col04;R3;B7;51,988;G54
C2;row13;col05;R3;B3;40,237;G03
C2;row13;col06;R3;B3;40,356;G39
C2;row13;col07;R3;B3;51,927;G58
C2;row13;col08;R3;B3;69,415;G32
C2;row13;col09;R3;B3;59,279;G09
C2;row13;col10;R3;B3;60,606;G46
C2;row13;col11;R3;B3;44,53;G52
C2;row14;col01;R3;B2;69,833;G45
C2;row14;col02;R3;B2;64,769;G56
C2;row14;col03;R3;B8;55,894;G60
C2;row14;col04;R3;B8;41,5;G37
C2;row14;col05;R3;B8;55,391;G08
C2;row14;col06;R3;B8;63,149;G27
C2;row14;col07;R3;B8;63,522;G14
C2;row14;col08;R3;B8;52,812;G23
C2;row14;col09;R3;B8;53,662;G50
C2;row14;col10;R3;B8;50,037;G41
C2;row14;col11;R3;B3;45,123;G21
C2;row15;col01;R3;B2;62,824;G28
C2;row15;col02;R3;B2;56,798;G59
C2;row15;col03;R3;B2;58,275;G22
C2;row15;col04;R3;B2;35,702;G33
C2;row15;col05;R3;B2;42,985;G02
C2;row15;col06;R3;B2;46,555;G15
C2;row15;col07;R3;B1;57,108;G20
C2;row15;col08;R3;B1;41,645;G30
C2;row15;col09;R3;B1;55,941;G48
C2;row15;col10;R3;B1;52,498;G34
C2;row15;col11;R3;B1;26,308;G53
C2;row16;col01;R3;B4;46,544;G26
C2;row16;col02;R3;B4;61,072;G47
C2;row16;col03;R3;B4;72,599;G51
C2;row16;col04;R3;B4;62,073;G64
C2;row16;col05;R3;B4;64,26;G17
C2;row16;col06;R3;B4;83,089;G13
C2;row16;col07;R3;B4;59,148;G04
C2;row16;col08;R3;B4;64,647;G38
C2;row16;col09;R3;B1;70,927;G01
C2;row16;col10;R3;B1;60,928;G11
C2;row16;col11;R3;B1;50,082;G63
C2;row17;col01;R3;B6;70,569;G61
C2;row17;col02;R3;B6;78,5;G16
C2;row17;col03;R3;B6;78,214;G06
C2;row17;col04;R3;B6;78,439;G55
C2;row17;col05;R3;B6;81,903;G36
C2;row17;col06;R3;B6;61,633;G18
C2;row17;col07;R3;B6;79,811;G25
C2;row17;col08;R3;B6;80,329;G43
C2;row17;col09;R3;B5;65,375;G31
C2;row17;col10;R3;B5;54,962;G19
C2;row17;col11;R3;B5;51,63;G49
C2;row18;col01;R3;B5;97,154;G40
C2;row18;col02;R3;B5;96,5;G62
C2;row18;col03;R3;B5;83,2;G12
C2;row18;col04;R3;B5;82,413;G42
C2;row18;col05;R3;B5;102,025;G05
C3;row01;col01;R1;B3;74,445;G51
C3;row01;col02;R1;B3;73,256;G11
C3;row01;col03;R1;B3;87,777;G27
C3;row01;col04;R1;B3;79,771;G19
C3;row01;col05;R1;B3;92,457;G43
C3;row01;col06;R1;B3;84,82;G03
C3;row01;col07;R1;B3;83,313;G59
C3;row01;col08;R1;B3;97,657;G35
C3;row01;col09;R1;B5;101,963;G53
C3;row01;col10;R1;B5;74,855;G13
C3;row01;col11;R1;B5;100,844;G29
C3;row02;col01;R1;B2;76,96;G02
C3;row02;col02;R1;B2;89,364;G42
C3;row02;col03;R1;B2;65,855;G18
C3;row02;col04;R1;B2;66,339;G26
C3;row02;col05;R1;B2;72,793;G10
C3;row02;col06;R1;B2;77,559;G50
C3;row02;col07;R1;B5;83,62;G37
C3;row02;col08;R1;B5;121,016;G61
C3;row02;col09;R1;B5;114,892;G05
C3;row02;col10;R1;B5;115,331;G45
C3;row02;col11;R1;B5;69,429;G21
C3;row03;col01;R1;B2;97,194;G58
C3;row03;col02;R1;B2;79,054;G34
C3;row03;col03;R1;B8;98,553;G56
C3;row03;col04;R1;B8;86,275;G16
C3;row03;col05;R1;B8;111,112;G32
C3;row03;col06;R1;B8;91,748;G24
C3;row03;col07;R1;B8;131,144;G48
C3;row03;col08;R1;B8;98,103;G08
C3;row03;col09;R1;B8;100,832;G64
C3;row03;col10;R1;B8;112,588;G40
C3;row03;col11;R1;B1;111,079;G49
C3;row04;col01;R1;B7;89,079;G23
C3;row04;col02;R1;B7;90,87;G31
C3;row04;col03;R1;B7;84,715;G15
C3;row04;col04;R1;B7;113,653;G55
C3;row04;col05;R1;B1;102,998;G33
C3;row04;col06;R1;B1;55,337;G57
C3;row04;col07;R1;B1;108,109;G01
C3;row04;col08;R1;B1;107,743;G41
C3;row04;col09;R1;B1;83,305;G17
C3;row04;col10;R1;B1;109,355;G25
C3;row04;col11;R1;B1;110,944;G09
C3;row05;col01;R1;B7;71,662;G47
C3;row05;col02;R1;B7;88,749;G07
C3;row05;col03;R1;B7;81,183;G63
C3;row05;col04;R1;B7;100,2;G39
C3;row05;col05;R1;B6;114,26;G54
C3;row05;col06;R1;B6;119,452;G14
C3;row05;col07;R1;B6;136,625;G30
C3;row05;col08;R1;B6;118,947;G22
C3;row05;col09;R1;B6;102,778;G46
C3;row05;col10;R1;B6;122,886;G06
C3;row05;col11;R1;B6;113,424;G62
C3;row06;col01;R2;B8;65,21;G47
C3;row06;col02;R2;B8;80,66;G49
C3;row06;col03;R1;B4;88,151;G36
C3;row06;col04;R1;B4;81,369;G60
C3;row06;col05;R1;B4;103,993;G04
C3;row06;col06;R1;B4;71,221;G44
C3;row06;col07;R1;B4;89,703;G20
C3;row06;col08;R1;B4;80,166;G28
C3;row06;col09;R1;B4;78,685;G12
C3;row06;col10;R1;B4;101,481;G52
C3;row06;col11;R1;B6;95,571;G38
C3;row07;col01;R2;B8;80,542;G36
C3;row07;col02;R2;B8;74,26;G59
C3;row07;col03;R2;B8;64,807;G10
C3;row07;col04;R2;B8;94,241;G30
C3;row07;col05;R2;B8;119,019;G08
C3;row07;col06;R2;B8;66,794;G21
C3;row07;col07;R2;B1;105,164;G18
C3;row07;col08;R2;B1;93,908;G27
C3;row07;col09;R2;B1;93,945;G62
C3;row07;col10;R2;B1;88,199;G39
C3;row07;col11;R2;B1;108,514;G01
C3;row08;col01;R2;B2;79,771;G35
C3;row08;col02;R2;B2;61,186;G31
C3;row08;col03;R2;B2;28,168;G02
C3;row08;col04;R2;B2;44,09;G46
C3;row08;col05;R2;B2;52,619;G53
C3;row08;col06;R2;B2;42,775;G17
C3;row08;col07;R2;B2;92,783;G16
C3;row08;col08;R2;B2;51,55;G60
C3;row08;col09;R2;B1;79,879;G56
C3;row08;col10;R2;B1;96,577;G13
C3;row08;col11;R2;B1;96,64;G44
C3;row09;col01;R2;B4;74,309;G11
C3;row09;col02;R2;B4;73,389;G58
C3;row09;col03;R2;B4;44,359;G29
C3;row09;col04;R2;B4;54,487;G41
C3;row09;col05;R2;B4;79,481;G55
C3;row09;col06;R2;B4;68,986;G40
C3;row09;col07;R2;B4;60,304;G22
C3;row09;col08;R2;B4;85,405;G04
C3;row09;col09;R2;B3;88,756;G45
C3;row09;col10;R2;B3;82,903;G54
C3;row09;col11;R2;B3;79,277;G03
C3;row10;col01;R2;B7;92,309;G61
C3;row10;col02;R2;B7;67,484;G19
C3;row10;col03;R2;B7;76,388;G26
C3;row10;col04;R2;B7;69,162;G48
C3;row10;col05;R2;B7;56,042;G33
C3;row10;col06;R2;B7;49,179;G07
C3;row10;col07;R2;B3;81,99;G25
C3;row10;col08;R2;B3;37,564;G34
C3;row10;col09;R2;B3;48,082;G23
C3;row10;col10;R2;B3;78,298;G64
C3;row10;col11;R2;B3;84,085;G12
C3;row11;col01;R2;B7;78,469;G52
C3;row11;col02;R2;B7;83,41;G14
C3;row11;col03;R2;B5;72,883;G38
C3;row11;col04;R2;B5;78,233;G05
C3;row11;col05;R2;B5;64,465;G50
C3;row11;col06;R2;B5;63,985;G24
C3;row11;col07;R2;B5;64,968;G28
C3;row11;col08;R2;B5;54,312;G09
C3;row11;col09;R2;B5;90,289;G43
C3;row11;col10;R2;B5;83,499;G63
C3;row11;col11;R2;B6;100,098;G32
C3;row12;col01;R3;B8;99,251;G60
C3;row12;col02;R3;B8;66,069;G23
C3;row12;col03;R3;B8;77,848;G50
C3;row12;col04;R3;B8;80,673;G37
C3;row12;col05;R2;B6;83,706;G42
C3;row12;col06;R2;B6;47,139;G57
C3;row12;col07;R2;B6;85,086;G51
C3;row12;col08;R2;B6;65,371;G37
C3;row12;col09;R2;B6;78,587;G06
C3;row12;col10;R2;B6;85,335;G15
C3;row12;col11;R2;B6;97,442;G20
C3;row13;col01;R3;B8;123,121;G14
C3;row13;col02;R3;B8;86,087;G41
C3;row13;col03;R3;B8;109,928;G27
C3;row13;col04;R3;B8;101,575;G08
C3;row13;col05;R3;B6;106,812;G25
C3;row13;col06;R3;B6;49,601;G16
C3;row13;col07;R3;B6;112,052;G06
C3;row13;col08;R3;B6;81,252;G43
C3;row13;col09;R3;B6;114,258;G55
C3;row13;col10;R3;B6;108,379;G61
C3;row13;col11;R3;B6;99,401;G36
C3;row14;col01;R3;B2;101,217;G45
C3;row14;col02;R3;B2;79,978;G02
C3;row14;col03;R3;B4;119,889;G51
C3;row14;col04;R3;B4;89,915;G64
C3;row14;col05;R3;B4;94,413;G38
C3;row14;col06;R3;B4;89,869;G17
C3;row14;col07;R3;B4;100,709;G26
C3;row14;col08;R3;B4;68,912;G13
C3;row14;col09;R3;B4;93,243;G04
C3;row14;col10;R3;B4;74,126;G47
C3;row14;col11;R3;B6;83,823;G18
C3;row15;col01;R3;B2;92,343;G28
C3;row15;col02;R3;B2;102,332;G15
C3;row15;col03;R3;B2;75,227;G59
C3;row15;col04;R3;B2;101,715;G56
C3;row15;col05;R3;B2;96,485;G22
C3;row15;col06;R3;B2;51,498;G33
C3;row15;col07;R3;B5;95,021;G62
C3;row15;col08;R3;B5;67,482;G19
C3;row15;col09;R3;B5;87,617;G49
C3;row15;col10;R3;B5;104,625;G40
C3;row15;col11;R3;B5;100,596;G05
C3;row16;col01;R3;B7;85,055;G29
C3;row16;col02;R3;B7;98,977;G07
C3;row16;col03;R3;B7;91,103;G10
C3;row16;col04;R3;B7;106,304;G44
C3;row16;col05;R3;B7;126,689;G54
C3;row16;col06;R3;B7;100,602;G35
C3;row16;col07;R3;B7;60,313;G57
C3;row16;col08;R3;B7;106,937;G24
C3;row16;col09;R3;B5;96,96;G12
C3;row16;col10;R3;B5;96,856;G42
C3;row16;col11;R3;B5;89,849;G31
C3;row17;col01;R3;B1;119,567;G11
C3;row17;col02;R3;B1;94,478;G30
C3;row17;col03;R3;B1;99,954;G48
C3;row17;col04;R3;B1;98,729;G01
C3;row17;col05;R3;B1;81,379;G34
C3;row17;col06;R3;B1;98,957;G20
C3;row17;col07;R3;B1;95,69;G53
C3;row17;col08;R3;B1;92,478;G63
C3;row17;col09;R3;B3;111,349;G52
C3;row17;col10;R3;B3;100,09;G39
C3;row17;col11;R3;B3;93,194;G58
C3;row18;col01;R3;B3;94,33;G46
C3;row18;col02;R3;B3;121,286;G09
C3;row18;col03;R3;B3;107,806;G03
C3;row18;col04;R3;B3;120,037;G32
C3;row18;col05;R3;B3;91,666;G21
C4;row01;col01;R1;B8;136,428;G24
C4;row01;col02;R1;B8;160,642;G48
C4;row01;col03;R1;B8;154,427;G40
C4;row01;col04;R1;B8;133,718;G08
C4;row01;col05;R1;B8;134,198;G64
C4;row01;col06;R1;B8;131,844;G16
C4;row01;col07;R1;B8;160,753;G56
C4;row01;col08;R1;B8;144,523;G32
C4;row01;col09;R1;B4;160,899;G20
C4;row01;col10;R1;B4;158,156;G44
C4;row01;col11;R1;B4;167,611;G36
C4;row02;col01;R1;B1;137,762;G09
C4;row02;col02;R1;B1;144,296;G57
C4;row02;col03;R1;B1;156,094;G01
C4;row02;col04;R1;B1;128,375;G33
C4;row02;col05;R1;B1;142,872;G41
C4;row02;col06;R1;B1;157,838;G17
C4;row02;col07;R1;B4;117,712;G28
C4;row02;col08;R1;B4;154,497;G52
C4;row02;col09;R1;B4;132,339;G12
C4;row02;col10;R1;B4;145,091;G60
C4;row02;col11;R1;B4;150,651;G04
C4;row03;col01;R1;B1;152,949;G49
C4;row03;col02;R1;B1;171,159;G25
C4;row03;col03;R1;B7;124,431;G23
C4;row03;col04;R1;B7;136,017;G47
C4;row03;col05;R1;B7;126,72;G39
C4;row03;col06;R1;B7;136,305;G07
C4;row03;col07;R1;B7;144,296;G63
C4;row03;col08;R1;B7;126,341;G15
C4;row03;col09;R1;B7;163,931;G55
C4;row03;col10;R1;B7;134,959;G31
C4;row03;col11;R1;B2;131,719;G18
C4;row04;col01;R1;B6;136,535;G06
C4;row04;col02;R1;B6;155,76;G38
C4;row04;col03;R1;B6;148,977;G46
C4;row04;col04;R1;B6;129,972;G22
C4;row04;col05;R1;B2;119,019;G26
C4;row04;col06;R1;B2;136,711;G50
C4;row04;col07;R1;B2;146,245;G10
C4;row04;col08;R1;B2;124,988;G58
C4;row04;col09;R1;B2;129,808;G02
C4;row04;col10;R1;B2;115,358;G34
C4;row04;col11;R1;B2;133,839;G42
C4;row05;col01;R1;B6;133,183;G62
C4;row05;col02;R1;B6;154,226;G14
C4;row05;col03;R1;B6;154,948;G54
C4;row05;col04;R1;B6;142,086;G30
C4;row05;col05;R1;B5;128,043;G21
C4;row05;col06;R1;B5;146,231;G45
C4;row05;col07;R1;B5;146,403;G37
C4;row05;col08;R1;B5;137,156;G05
C4;row05;col09;R1;B5;161,048;G61
C4;row05;col10;R1;B5;142,054;G13
C4;row05;col11;R1;B5;130,594;G53
C4;row06;col01;R2;B4;133,686;G58
C4;row06;col02;R2;B4;140,873;G41
C4;row06;col03;R1;B3;143,616;G27
C4;row06;col04;R1;B3;136,955;G51
C4;row06;col05;R1;B3;125,935;G11
C4;row06;col06;R1;B3;134,946;G59
C4;row06;col07;R1;B3;145,509;G03
C4;row06;col08;R1;B3;122,061;G35
C4;row06;col09;R1;B3;137,727;G43
C4;row06;col10;R1;B3;147,84;G19
C4;row06;col11;R1;B5;131,35;G29
C4;row07;col01;R2;B4;134,481;G40
C4;row07;col02;R2;B4;169,333;G22
C4;row07;col03;R2;B4;184,563;G04
C4;row07;col04;R2;B4;102,869;G29
C4;row07;col05;R2;B4;136,063;G55
C4;row07;col06;R2;B4;127,32;G11
C4;row07;col07;R2;B6;145,569;G06
C4;row07;col08;R2;B6;142,223;G20
C4;row07;col09;R2;B6;156,019;G51
C4;row07;col10;R2;B6;126,72;G57
C4;row07;col11;R2;B6;127,37;G42
C4;row08;col01;R2;B3;161,231;G45
C4;row08;col02;R2;B3;154,398;G64
C4;row08;col03;R2;B3;159,982;G03
C4;row08;col04;R2;B3;111,005;G25
C4;row08;col05;R2;B3;124,137;G34
C4;row08;col06;R2;B3;137,767;G23
C4;row08;col07;R2;B3;138,417;G54
C4;row08;col08;R2;B3;115,198;G12
C4;row08;col09;R2;B6;161,422;G32
C4;row08;col10;R2;B6;142,391;G37
C4;row08;col11;R2;B6;142,536;G15
C4;row09;col01;R2;B8;120,423;G59
C4;row09;col02;R2;B8;146,963;G47
C4;row09;col03;R2;B8;165,711;G30
C4;row09;col04;R2;B8;132,312;G08
C4;row09;col05;R2;B8;137,727;G21
C4;row09;col06;R2;B8;160,649;G36
C4;row09;col07;R2;B8;152,259;G10
C4;row09;col08;R2;B8;143,041;G49
C4;row09;col09;R2;B2;170,6;G53
C4;row09;col10;R2;B2;148,363;G16
C4;row09;col11;R2;B2;146,782;G02
C4;row10;col01;R2;B1;133,9;G62
C4;row10;col02;R2;B1;162,142;G56
C4;row10;col03;R2;B1;170,195;G13
C4;row10;col04;R2;B1;128,07;G44
C4;row10;col05;R2;B1;138,623;G27
C4;row10;col06;R2;B1;133,093;G39
C4;row10;col07;R2;B2;135,915;G60
C4;row10;col08;R2;B2;143,452;G46
C4;row10;col09;R2;B2;163,796;G17
C4;row10;col10;R2;B2;133,365;G35
C4;row10;col11;R2;B2;135,418;G31
C4;row11;col01;R2;B1;171,766;G01
C4;row11;col02;R2;B1;155,088;G18
C4;row11;col03;R2;B7;145,814;G26
C4;row11;col04;R2;B7;132,366;G33
C4;row11;col05;R2;B7;141,564;G61
C4;row11;col06;R2;B7;152,939;G52
C4;row11;col07;R2;B7;127,3;G14
C4;row11;col08;R2;B7;132,609;G48
C4;row11;col09;R2;B7;149,35;G19
C4;row11;col10;R2;B7;181,957;G07
C4;row11;col11;R2;B5;158,091;G24
C4;row12;col01;R3;B5;123,315;G31
C4;row12;col02;R3;B5;148,695;G62
C4;row12;col03;R3;B5;151,275;G42
C4;row12;col04;R3;B5;123,844;G49
C4;row12;col05;R2;B5;134,251;G38
C4;row12;col06;R2;B5;121,626;G28
C4;row12;col07;R2;B5;127,927;G50
C4;row12;col08;R2;B5;130,694;G63
C4;row12;col09;R2;B5;140,529;G43
C4;row12;col10;R2;B5;149,042;G09
C4;row12;col11;R2;B5;166,561;G05
C4;row13;col01;R3;B5;153,579;G05
C4;row13;col02;R3;B5;148,19;G12
C4;row13;col03;R3;B5;157,107;G19
C4;row13;col04;R3;B5;134,112;G40
C4;row13;col05;R3;B3;146,02;G09
C4;row13;col06;R3;B3;128,22;G58
C4;row13;col07;R3;B3;137,156;G52
C4;row13;col08;R3;B3;113,742;G03
C4;row13;col09;R3;B3;141,233;G32
C4;row13;col10;R3;B3;147,79;G46
C4;row13;col11;R3;B3;154,13;G39
C4;row14;col01;R3;B6;183,152;G06
C4;row14;col02;R3;B6;188,327;G36
C4;row14;col03;R3;B7;185,064;G54
C4;row14;col04;R3;B7;129,819;G57
C4;row14;col05;R3;B7;126,705;G29
C4;row14;col06;R3;B7;118,859;G44
C4;row14;col07;R3;B7;135,579;G10
C4;row14;col08;R3;B7;133,161;G24
C4;row14;col09;R3;B7;162,524;G35
C4;row14;col10;R3;B7;154,438;G07
C4;row14;col11;R3;B3;143,741;G21
C4;row15;col01;R3;B6;143,235;G25
C4;row15;col02;R3;B6;168,485;G61
C4;row15;col03;R3;B6;190,049;G55
C4;row15;col04;R3;B6;140,142;G18
C4;row15;col05;R3;B6;151,164;G16
C4;row15;col06;R3;B6;172,229;G43
C4;row15;col07;R3;B8;137,412;G27
C4;row15;col08;R3;B8;151,987;G23
C4;row15;col09;R3;B8;162,899;G37
C4;row15;col10;R3;B8;164,419;G41
C4;row15;col11;R3;B8;174,534;G14
C4;row16;col01;R3;B1;134,048;G01
C4;row16;col02;R3;B1;151,67;G30
C4;row16;col03;R3;B1;164,117;G63
C4;row16;col04;R3;B1;119,147;G34
C4;row16;col05;R3;B1;151,509;G20
C4;row16;col06;R3;B1;137,517;G11
C4;row16;col07;R3;B1;144,154;G48
C4;row16;col08;R3;B1;125,054;G53
C4;row16;col09;R3;B8;171,559;G60
C4;row16;col10;R3;B8;141,951;G50
C4;row16;col11;R3;B8;179,551;G08
C4;row17;col01;R3;B2;174,881;G22
C4;row17;col02;R3;B2;169,16;G28
C4;row17;col03;R3;B2;136,305;G02
C4;row17;col04;R3;B2;154,681;G56
C4;row17;col05;R3;B2;108,511;G59
C4;row17;col06;R3;B2;151,884;G33
C4;row17;col07;R3;B2;123,355;G45
C4;row17;col08;R3;B2;139,006;G15
C4;row17;col09;R3;B4;154,552;G64
C4;row17;col10;R3;B4;169,415;G13
C4;row17;col11;R3;B4;168,608;G47
C4;row18;col01;R3;B4;173,678;G26
C4;row18;col02;R3;B4;169,569;G04
C4;row18;col03;R3;B4;157,83;G51
C4;row18;col04;R3;B4;125,992;G17
C4;row18;col05;R3;B4;108,382;G38
C5;row01;col01;R1;B3;131,284;G51
C5;row01;col02;R1;B3;134,979;G19
C5;row01;col03;R1;B3;123,953;G35
C5;row01;col04;R1;B3;109,867;G59
C5;row01;col05;R1;B3;132,5;G27
C5;row01;col06;R1;B3;119,891;G11
C5;row01;col07;R1;B3;120,777;G03
C5;row01;col08;R1;B3;121,146;G43
C5;row01;col09;R1;B1;126,611;G49
C5;row01;col10;R1;B1;142,911;G17
C5;row01;col11;R1;B1;108,112;G33
C5;row02;col01;R1;B8;113,912;G16
C5;row02;col02;R1;B8;132,152;G32
C5;row02;col03;R1;B8;131,217;G64
C5;row02;col04;R1;B8;135,844;G40
C5;row02;col05;R1;B8;120,015;G24
C5;row02;col06;R1;B8;118,215;G56
C5;row02;col07;R1;B1;134,259;G41
C5;row02;col08;R1;B1;117,614;G01
C5;row02;col09;R1;B1;137,582;G09
C5;row02;col10;R1;B1;144,76;G25
C5;row02;col11;R1;B1;103,322;G57
C5;row03;col01;R1;B8;140,684;G08
C5;row03;col02;R1;B8;126,5;G48
C5;row03;col03;R1;B2;112,379;G50
C5;row03;col04;R1;B2;116,481;G18
C5;row03;col05;R1;B2;97,361;G34
C5;row03;col06;R1;B2;111,632;G58
C5;row03;col07;R1;B2;122,544;G26
C5;row03;col08;R1;B2;87,422;G10
C5;row03;col09;R1;B2;121,739;G02
C5;row03;col10;R1;B2;140,506;G42
C5;row03;col11;R1;B6;152,194;G54
C5;row04;col01;R1;B5;128,705;G61
C5;row04;col02;R1;B5;123,1;G37
C5;row04;col03;R1;B5;133,972;G21
C5;row04;col04;R1;B5;139,38;G53
C5;row04;col05;R1;B6;119,13;G46
C5;row04;col06;R1;B6;116,513;G06
C5;row04;col07;R1;B6;129,599;G14
C5;row04;col08;R1;B6;133,925;G30
C5;row04;col09;R1;B6;122,47;G62
C5;row04;col10;R1;B6;145,05;G38
C5;row04;col11;R1;B6;146,21;G22
C5;row05;col01;R1;B5;109,8;G29
C5;row05;col02;R1;B5;124,135;G13
C5;row05;col03;R1;B5;141,006;G05
C5;row05;col04;R1;B5;152,054;G45
C5;row05;col05;R1;B7;117,474;G55
C5;row05;col06;R1;B7;112,597;G23
C5;row05;col07;R1;B7;107,072;G39
C5;row05;col08;R1;B7;103,936;G63
C5;row05;col09;R1;B7;96,427;G31
C5;row05;col10;R1;B7;147,305;G15
C5;row05;col11;R1;B7;136,177;G07
C5;row06;col01;R2;B5;114,223;G24
C5;row06;col02;R2;B5;121,701;G63
C5;row06;col03;R1;B4;115,639;G44
C5;row06;col04;R1;B4;131,67;G04
C5;row06;col05;R1;B4;97,698;G12
C5;row06;col06;R1;B4;111,836;G28
C5;row06;col07;R1;B4;137,108;G60
C5;row06;col08;R1;B4;118,567;G36
C5;row06;col09;R1;B4;136,16;G20
C5;row06;col10;R1;B4;128,516;G52
C5;row06;col11;R1;B7;126,256;G47
C5;row07;col01;R2;B5;110,037;G50
C5;row07;col02;R2;B5;111,781;G43
C5;row07;col03;R2;B5;136,894;G09
C5;row07;col04;R2;B5;121,882;G28
C5;row07;col05;R2;B5;141,009;G05
C5;row07;col06;R2;B5;110,963;G38
C5;row07;col07;R2;B2;107,322;G35
C5;row07;col08;R2;B2;118,915;G53
C5;row07;col09;R2;B2;125,4;G17
C5;row07;col10;R2;B2;116,261;G31
C5;row07;col11;R2;B2;139,054;G02
C5;row08;col01;R2;B4;110,632;G11
C5;row08;col02;R2;B4;118,351;G58
C5;row08;col03;R2;B4;138,581;G55
C5;row08;col04;R2;B4;116,643;G40
C5;row08;col05;R2;B4;116,876;G22
C5;row08;col06;R2;B4;88,62;G29
C5;row08;col07;R2;B4;104,653;G41
C5;row08;col08;R2;B4;83,043;G04
C5;row08;col09;R2;B2;104,288;G60
C5;row08;col10;R2;B2;112,322;G16
C5;row08;col11;R2;B2;139,154;G46
C5;row09;col01;R2;B1;123,648;G56
C5;row09;col02;R2;B1;117,591;G39
C5;row09;col03;R2;B1;117,591;G62
C5;row09;col04;R2;B1;97,794;G13
C5;row09;col05;R2;B1;96,352;G44
C5;row09;col06;R2;B1;96,686;G01
C5;row09;col07;R2;B1;101,037;G27
C5;row09;col08;R2;B1;82,852;G18
C5;row09;col09;R2;B6;111,985;G42
C5;row09;col10;R2;B6;108,941;G06
C5;row09;col11;R2;B6;132,198;G15
C5;row10;col01;R2;B3;113,721;G64
C5;row10;col02;R2;B3;115,406;G23
C5;row10;col03;R2;B3;100,166;G34
C5;row10;col04;R2;B3;88,982;G03
C5;row10;col05;R2;B3;107,584;G12
C5;row10;col06;R2;B3;116,833;G25
C5;row10;col07;R2;B6;112,682;G32
C5;row10;col08;R2;B6;99,308;G20
C5;row10;col09;R2;B6;98,902;G37
C5;row10;col10;R2;B6;123,562;G51
C5;row10;col11;R2;B6;94,387;G57
C5;row11;col01;R2;B3;130,012;G54
C5;row11;col02;R2;B3;135,528;G45
C5;row11;col03;R2;B8;99,129;G21
C5;row11;col04;R2;B8;96,539;G59
C5;row11;col05;R2;B8;113,517;G36
C5;row11;col06;R2;B8;119,466;G08
C5;row11;col07;R2;B8;121,542;G30
C5;row11;col08;R2;B8;66,884;G10
C5;row11;col09;R2;B8;88,496;G47
C5;row11;col10;R2;B8;119,818;G49
C5;row11;col11;R2;B7;129,599;G14
C5;row12;col01;R3;B1;116,293;G11
C5;row12;col02;R3;B1;117,82;G63
C5;row12;col03;R3;B1;123,705;G20
C5;row12;col04;R3;B1;106,217;G53
C5;row12;col05;R2;B7;102,229;G07
C5;row12;col06;R2;B7;77,529;G33
C5;row12;col07;R2;B7;106,199;G19
C5;row12;col08;R2;B7;101,883;G61
C5;row12;col09;R2;B7;112,902;G52
C5;row12;col10;R2;B7;122,985;G48
C5;row12;col11;R2;B7;126,715;G26
C5;row13;col01;R3;B1;115,619;G01
C5;row13;col02;R3;B1;132,46;G30
C5;row13;col03;R3;B1;119,983;G48
C5;row13;col04;R3;B1;94,222;G34
C5;row13;col05;R3;B2;106,85;G22
C5;row13;col06;R3;B2;98,074;G56
C5;row13;col07;R3;B2;80,063;G33
C5;row13;col08;R3;B2;90,568;G02
C5;row13;col09;R3;B2;109,256;G15
C5;row13;col10;R3;B2;120,858;G45
C5;row13;col11;R3;B2;122,272;G28
C5;row14;col01;R3;B6;128,857;G61
C5;row14;col02;R3;B6;112,971;G36
C5;row14;col03;R3;B5;133,427;G05
C5;row14;col04;R3;B5;87,641;G49
C5;row14;col05;R3;B5;99,767;G19
C5;row14;col06;R3;B5;96,462;G40
C5;row14;col07;R3;B5;106,246;G62
C5;row14;col08;R3;B5;68,809;G12
C5;row14;col09;R3;B5;92,658;G31
C5;row14;col10;R3;B5;124,478;G42
C5;row14;col11;R3;B2;109,129;G59
C5;row15;col01;R3;B6;111,448;G18
C5;row15;col02;R3;B6;117,238;G25
C5;row15;col03;R3;B6;103,427;G43
C5;row15;col04;R3;B6;108,307;G16
C5;row15;col05;R3;B6;104,905;G06
C5;row15;col06;R3;B6;114,09;G55
C5;row15;col07;R3;B8;96,462;G27
C5;row15;col08;R3;B8;91,047;G41
C5;row15;col09;R3;B8;93,517;G08
C5;row15;col10;R3;B8;87,149;G37
C5;row15;col11;R3;B8;107,468;G60
C5;row16;col01;R3;B3;129,161;G32
C5;row16;col02;R3;B3;90,163;G58
C5;row16;col03;R3;B3;101,773;G39
C5;row16;col04;R3;B3;129,599;G21
C5;row16;col05;R3;B3;134,335;G52
C5;row16;col06;R3;B3;128,098;G46
C5;row16;col07;R3;B3;93,628;G03
C5;row16;col08;R3;B3;137,564;G09
C5;row16;col09;R3;B8;90,475;G14
C5;row16;col10;R3;B8;107,821;G23
C5;row16;col11;R3;B8;110,018;G50
C5;row17;col01;R3;B4;126,862;G64
C5;row17;col02;R3;B4;122,108;G38
C5;row17;col03;R3;B4;136,476;G51
C5;row17;col04;R3;B4;120,436;G47
C5;row17;col05;R3;B4;121,629;G26
C5;row17;col06;R3;B4;124,481;G04
C5;row17;col07;R3;B4;110,894;G13
C5;row17;col08;R3;B4;112,334;G17
C5;row17;col09;R3;B7;98,527;G07
C5;row17;col10;R3;B7;99,819;G10
C5;row17;col11;R3;B7;97,811;G29
C5;row18;col01;R3;B7;113,069;G44
C5;row18;col02;R3;B7;129,226;G35
C5;row18;col03;R3;B7;100,141;G57
C5;row18;col04;R3;B7;123,162;G54
C5;row18;col05;R3;B7;107,839;G24
C6;row01;col01;R1;B5;84,929;G13
C6;row01;col02;R1;B5;60,229;G37
C6;row01;col03;R1;B5;66,903;G53
C6;row01;col04;R1;B5;74,434;G29
C6;row01;col05;R1;B5;83,877;G21
C6;row01;col06;R1;B5;89,338;G45
C6;row01;col07;R1;B5;82,994;G05
C6;row01;col08;R1;B5;118,438;G61
C6;row01;col09;R1;B7;97,568;G15
C6;row01;col10;R1;B7;106,151;G39
C6;row01;col11;R1;B7;80,061;G55
C6;row02;col01;R1;B8;73,29;G48
C6;row02;col02;R1;B8;78,765;G24
C6;row02;col03;R1;B8;68,071;G32
C6;row02;col04;R1;B8;73,798;G56
C6;row02;col05;R1;B8;80,2;G40
C6;row02;col06;R1;B8;137,191;G16
C6;row02;col07;R1;B7;116,592;G63
C6;row02;col08;R1;B7;89,443;G07
C6;row02;col09;R1;B7;119,644;G47
C6;row02;col10;R1;B7;76,392;G23
C6;row02;col11;R1;B7;90,609;G31
C6;row03;col01;R1;B8;137,971;G08
C6;row03;col02;R1;B8;119,503;G64
C6;row03;col03;R1;B3;74,007;G11
C6;row03;col04;R1;B3;68,64;G35
C6;row03;col05;R1;B3;73,392;G51
C6;row03;col06;R1;B3;98,027;G27
C6;row03;col07;R1;B3;96,323;G19
C6;row03;col08;R1;B3;72,488;G43
C6;row03;col09;R1;B3;59,48;G03
C6;row03;col10;R1;B3;63,133;G59
C6;row03;col11;R1;B6;105,001;G14
C6;row04;col01;R1;B4;81,312;G28
C6;row04;col02;R1;B4;105,534;G52
C6;row04;col03;R1;B4;94,874;G36
C6;row04;col04;R1;B4;74,887;G12
C6;row04;col05;R1;B6;91,143;G62
C6;row04;col06;R1;B6;48,404;G06
C6;row04;col07;R1;B6;69,516;G46
C6;row04;col08;R1;B6;87,959;G22
C6;row04;col09;R1;B6;83,48;G30
C6;row04;col10;R1;B6;81,549;G54
C6;row04;col11;R1;B6;101,542;G38
C6;row05;col01;R1;B4;51,653;G20
C6;row05;col02;R1;B4;82,518;G44
C6;row05;col03;R1;B4;87,842;G04
C6;row05;col04;R1;B4;83,583;G60
C6;row05;col05;R1;B2;65,844;G10
C6;row05;col06;R1;B2;76,267;G34
C6;row05;col07;R1;B2;69,452;G50
C6;row05;col08;R1;B2;68,918;G26
C6;row05;col09;R1;B2;83,753;G18
C6;row05;col10;R1;B2;70,278;G42
C6;row05;col11;R1;B2;93,317;G02
C6;row06;col01;R2;B4;53,792;G29
C6;row06;col02;R2;B4;71,506;G11
C6;row06;col03;R1;B1;55,44;G57
C6;row06;col04;R1;B1;77,285;G01
C6;row06;col05;R1;B1;51,777;G41
C6;row06;col06;R1;B1;89,433;G17
C6;row06;col07;R1;B1;63,96;G25
C6;row06;col08;R1;B1;78,167;G49
C6;row06;col09;R1;B1;70,873;G33
C6;row06;col10;R1;B1;57,564;G09
C6;row06;col11;R1;B2;52,949;G58
C6;row07;col01;R2;B4;105,211;G58
C6;row07;col02;R2;B4;91,353;G04
C6;row07;col03;R2;B4;67,184;G40
C6;row07;col04;R2;B4;87,822;G22
C6;row07;col05;R2;B4;57,075;G41
C6;row07;col06;R2;B4;41,169;G55
C6;row07;col07;R2;B7;48,516;G07
C6;row07;col08;R2;B7;66,822;G48
C6;row07;col09;R2;B7;53,612;G33
C6;row07;col10;R2;B7;29,177;G14
C6;row07;col11;R2;B7;49,221;G61
C6;row08;col01;R2;B2;78,831;G46
C6;row08;col02;R2;B2;82,013;G53
C6;row08;col03;R2;B2;94,848;G31
C6;row08;col04;R2;B2;83,19;G02
C6;row08;col05;R2;B2;68,112;G35
C6;row08;col06;R2;B2;81,504;G16
C6;row08;col07;R2;B2;61,419;G17
C6;row08;col08;R2;B2;30,08;G60
C6;row08;col09;R2;B7;59,351;G19
C6;row08;col10;R2;B7;37,799;G26
C6;row08;col11;R2;B7;33,672;G52
C6;row09;col01;R2;B8;102,432;G49
C6;row09;col02;R2;B8;95,265;G36
C6;row09;col03;R2;B8;82,076;G47
C6;row09;col04;R2;B8;96,925;G21
C6;row09;col05;R2;B8;87,863;G30
C6;row09;col06;R2;B8;60,299;G08
C6;row09;col07;R2;B8;38,656;G59
C6;row09;col08;R2;B8;53,482;G10
C6;row09;col09;R2;B1;54,49;G18
C6;row09;col10;R2;B1;53,076;G62
C6;row09;col11;R2;B1;32,542;G27
C6;row10;col01;R2;B3;94,703;G34
C6;row10;col02;R2;B3;101,904;G23
C6;row10;col03;R2;B3;78,052;G25
C6;row10;col04;R2;B3;85,367;G54
C6;row10;col05;R2;B3;64,099;G03
C6;row10;col06;R2;B3;47,239;G45
C6;row10;col07;R2;B1;44,924;G01
C6;row10;col08;R2;B1;73,57;G39
C6;row10;col09;R2;B1;88,167;G13
C6;row10;col10;R2;B1;49,162;G44
C6;row10;col11;R2;B1;37,177;G56
C6;row11;col01;R2;B3;88,379;G12
C6;row11;col02;R2;B3;85,209;G64
C6;row11;col03;R2;B5;108,382;G38
C6;row11;col04;R2;B5;99,32;G50
C6;row11;col05;R2;B5;89,866;G05
C6;row11;col06;R2;B5;100,056;G63
C6;row11;col07;R2;B5;48,42;G09
C6;row11;col08;R2;B5;77,34;G43
C6;row11;col09;R2;B5;77,888;G24
C6;row11;col10;R2;B5;39,891;G28
C6;row11;col11;R2;B6;56,667;G32
C6;row12;col01;R3;B3;98,794;G39
C6;row12;col02;R3;B3;118,162;G52
C6;row12;col03;R3;B3;89,696;G09
C6;row12;col04;R3;B3;120,849;G32
C6;row12;col05;R2;B6;90,822;G37
C6;row12;col06;R2;B6;89,229;G06
C6;row12;col07;R2;B6;45,092;G57
C6;row12;col08;R2;B6;77,312;G51
C6;row12;col09;R2;B6;85,772;G42
C6;row12;col10;R2;B6;71,468;G20
C6;row12;col11;R2;B6;80,541;G15
C6;row13;col01;R3;B3;125,069;G03
C6;row13;col02;R3;B3;103,281;G58
C6;row13;col03;R3;B3;121,627;G21
C6;row13;col04;R3;B3;102,936;G46
C6;row13;col05;R3;B6;123,024;G55
C6;row13;col06;R3;B6;134,946;G36
C6;row13;col07;R3;B6;72,488;G25
C6;row13;col08;R3;B6;120,175;G16
C6;row13;col09;R3;B6;118,721;G61
C6;row13;col10;R3;B6;103,678;G06
C6;row13;col11;R3;B6;109,009;G43
C6;row14;col01;R3;B1;134,648;G53
C6;row14;col02;R3;B1;83,356;G34
C6;row14;col03;R3;B5;125,367;G12
C6;row14;col04;R3;B5;118,579;G40
C6;row14;col05;R3;B5;136,499;G49
C6;row14;col06;R3;B5;119,856;G31
C6;row14;col07;R3;B5;114,169;G19
C6;row14;col08;R3;B5;135,643;G62
C6;row14;col09;R3;B5;95,3;G42
C6;row14;col10;R3;B5;132,625;G05
C6;row14;col11;R3;B6;97,796;G18
C6;row15;col01;R3;B1;124,043;G11
C6;row15;col02;R3;B1;89,54;G30
C6;row15;col03;R3;B1;117,605;G20
C6;row15;col04;R3;B1;88,06;G48
C6;row15;col05;R3;B1;142,749;G01
C6;row15;col06;R3;B1;142,95;G63
C6;row15;col07;R3;B8;111,536;G14
C6;row15;col08;R3;B8;138,732;G27
C6;row15;col09;R3;B8;105,37;G37
C6;row15;col10;R3;B8;96,853;G50
C6;row15;col11;R3;B8;105,789;G41
C6;row16;col01;R3;B2;104,202;G33
C6;row16;col02;R3;B2;98,677;G15
C6;row16;col03;R3;B2;122,967;G28
C6;row16;col04;R3;B2;109,564;G56
C6;row16;col05;R3;B2;121,096;G45
C6;row16;col06;R3;B2;119,005;G02
C6;row16;col07;R3;B2;114,183;G22
C6;row16;col08;R3;B2;67,909;G59
C6;row16;col09;R3;B8;98,559;G08
C6;row16;col10;R3;B8;68,624;G60
C6;row16;col11;R3;B8;56,496;G23
C6;row17;col01;R3;B7;112,464;G44
C6;row17;col02;R3;B7;100,216;G07
C6;row17;col03;R3;B7;125,367;G24
C6;row17;col04;R3;B7;102,553;G57
C6;row17;col05;R3;B7;103,647;G10
C6;row17;col06;R3;B7;104,1;G35
C6;row17;col07;R3;B7;104,508;G54
C6;row17;col08;R3;B7;78,176;G29
C6;row17;col09;R3;B4;117,857;G17
C6;row17;col10;R3;B4;82,563;G64
C6;row17;col11;R3;B4;95,772;G47
C6;row18;col01;R3;B4;139,754;G51
C6;row18;col02;R3;B4;147,665;G26
C6;row18;col03;R3;B4;127,322;G13
C6;row18;col04;R3;B4;132,635;G38
C6;row18;col05;R3;B4;117,638;G04
